v1,market_name,market_days,primary_mkt_day,county,sub_county,ward,location,sub_location,gpslatitude,gpslongitude,market_size,atleast_1_trader,traders_number,directions,comments
1,"Dorof","Wednesday","Wednesday","Bungoma","Kanduyi","sang'ala east","South Bukusu","mwihupo",.4532344,34.61382,"large","yes",35,,""
2,"Sang'alo","Tuesday","Tuesday","Bungoma","Kanduyi","sangal'o west","South Bukusu","sang'alo west",.517208,34.59291,"small","yes",1,,""
3,"Mechimeru","Thursday","Thursday","Bungoma","Kanduyi","sang'ati east","South Bukusu","mechimeru",.502338,34.64908,"small","yes",1,,""
4,"Ekitale","Monday","Monday","Bungoma","Kanduyi","sangal'o west","South Bukusu","sang'alo west",.555562,34.61244,"small","yes",1,,""
5,"Bulondo","Thursday","Thursday","Bungoma","Kanduyi","sangal'o west","South Bukusu","sang'alo west",.465262,34.57566,"tiny","no",0,,""
6,"Bukembe","Saturday","Saturday","Bungoma","Kanduyi","bukembe east","Bukembe","bukembe east",.6122883,34.65583,"medium","yes",4,,""
7,"Nandolia (Nzoia Factory)","None","None","Bungoma","Kanduyi","bukembe east","Bukembe","",,,"tiny","no",0,,"Workers are normally paid on Friday but it has no market day."
8,"Mabanga","None","None","Bungoma","Kanduyi","bukembe east","Bukembe","",,,"tiny","no",0,,""
9,"Bungoma town","None","None","Bungoma","Kanduyi","khalaba","Bungoma","township",.558949,34.56082,"small","yes",3,,""
10,"Mashambani","None","None","Bungoma","Kanduyi","khalaba","Bungoma","khalaba",.341505,34.33487,"small","yes",1,,""
11,"Chepkube","Friday","Friday","Bungoma","Kanduyi","khalaba","Bungoma","township",.559392,34.55996,"tiny","no",0,,""
12,"Mufutu","None","None","Bungoma","Kanduyi","township","Bungoma","",.39307,34.51258,"tiny","no",0,,""
13,"Kanduyi","None","None","Bungoma","Kanduyi","township","Bungoma","township",.35334,34.33114,"small","yes",1,,""
14,"Moi new/old","None","None","Bungoma","Kanduyi","township","Bungoma","",,,"tiny","no",0,,""
15,"Mayanja Bitunguu","Tuesday Saturday","Tuesday","Bungoma","Kanduyi","tuti/marakaru","Mayanja","marakaru",.6479074,34.51643,"large","yes",21,,""
16,"Tuuti","None","None","Bungoma","Kanduyi","tuti/marakaru","Mayanja","marakaru",,,"tiny","no",0,,""
17,"Kibabii","None","None","Bungoma","Kanduyi","tuti/marakaru","Mayanja","kibabii",,,"tiny","no",0,,""
18,"Marakaru","None","None","Bungoma","Kanduyi","tuti/marakaru","Mayanja","mararu",,,"tiny","no",0,,""
19,"Kimukungi","None","None","Bungoma","Kanduyi","tuti/marakaru","Mayanja","mararu",,,"tiny","no",0,,""
20,"Mateka","Monday/Thursday","Monday","Bungoma","bumula","mateka","bukusu","mateka",.536178,34.50004,"medium","yes",5,,""
21,"Myanga","Wednesday/Saturday","Wednesday","Bungoma","bumula","kimaetii","west bukusu","syombe",.5635826,34.39027,"large","yes",10,,""
22,"Kabula","Tuesday/Sunday","Tuesday","Bungoma","bumula","","","",.483603,34.52877,"small","yes",2,,""
23,"Nasianda","Friday/Tuesday","Tuesday","Bungoma","bumula","bumula","bumula","kimatuni",.493136,34.45164,"medium","yes",4,,""
24,"Mayanja(Kibuke)","Thursday/Sunday","Thursday","Bungoma","bumula","kibuke","west bukusu","mayanja",.5927076,34.49049,"medium","yes",4,,""
25,"Kimaeti","Friday","Friday","Bungoma","bumula","kimaeti","west bukusu","kimaeti",.603712,34.40695,"small","yes",1,,""
26,"Kimwanga","Tuesday","Tuesday","Bungoma","bumula","kimwanga","west bukusu","nakhwana",.597513,34.44321,"tiny","no",0,,""
27,"Misikhu","Sunday","Sunday","Bungoma","","Ndivisi","","",.7144998,34.75439,"Medium","Yes",4,,""
28,"Lugulu","Friday","Friday","Bungoma","","Mihuu","","",.6544652,34.75438,"Small","Yes",3,,""
29,"Ndivisi","None","None","Bungoma","","Ndivisi","","",.423902,34.48431,"Small","Yes",1,,""
30,"Lugusi","None","None","Bungoma","","Mihuu","","",.391981,34.4854,"Small","Yes",1,,""
31,"Mihuu","None","None","Bungoma","","Mihuu","","",.6261928,34.79478,"Small","Yes",1,,""
32,"Sango","Wednesday","Wednesday","Bungoma","Webuye East","Malaha","","",.589825,34.77886,"Small","Yes",1,,""
33,"MTC Line","None","None","Bungoma","","Mihuu","","",.364286,34.46097,"Small","Yes",1,,""
34,"Generation","None","None","Bungoma","","","","",,,"Tiny","No",0,,""
35,"Mukhuyu","None","None","Bungoma","","","","",,,"Tiny","No",0,,""
36,"Nabuyole","None","None","Bungoma","","","","",,,"Tiny","No",0,,""
37,"Furoyi","None","None","Bungoma","","","","",,,"Tiny","No",0,,""
38,"Namarambi","None","None","Bungoma","","","","",,,"Tiny","No",0,,""
39,"Makuselwa","None","None","Bungoma","","","","",,,"Tiny","No",0,,""
40,"Sipala","None","None","Bungoma","","","","",,,"Tiny","No",0,,""
41,"Misemwa","None","None","Bungoma","","","","",,,"Tiny","No",0,,""
42,"Lumuli","None","None","Bungoma","","","","",,,"Tiny","No",0,,""
43,"Nang'oto","None","None","Bungoma","","","","",.5944511,34.75025,"Tiny","No",0,,""
44,"Brigadier","Sunday","Sunday","Bungoma","Tongaren","Soysambu","","",.787899,35.03622,"medium","yes",5,,""
45,"Mbakalo","Monday","Monday","Bungoma","Tongaren","Mbakalo","","",.72611,34.88924,"small","yes",3,,""
46,"Soysambu","Tuesday","Tuesday","Bungoma","Tongaren","Soysambu","","",.778857,35.01162,"small","yes",3,,""
47,"Ndalu","Wednesday","Wednesday","Bungoma","Tongaren","Ndalu","","",.841836,34.99311,"medium","yes",5,,""
48,"Lunyi","Thursday","Thursday","Bungoma","Tongaren","Mbakalo","","",,,"tiny","no",0,,""
49,"Tongaren","Friday","Friday","Bungoma","Tongaren","Tongaren","","",.770901,34.93972,"tiny","no",0,,""
50,"Naitiri","Sunday","Sunday","Bungoma","Tongaren","Naitiri","","",.75831,34.88859,"small","yes",1,,""
51,"Misanga","Thursday","Thursday","Bungoma","Tongaren","Ndalu","","",.805111,35.02306,"small","yes",1,,""
52,"Mukuyuni","None","None","Bungoma","Tongaren","Naitiri","Naitiri","",.461826,34.4955,"small","yes",1,,""
53,"Makhonge","None","None","Bungoma","Tongaren","Tongaren","Tongaren","",.491357,34.47503,"small","yes",3,,""
54,"Lwakhakha","Saturday/ Tuesday","Saturday","Bungoma","Sirisia","Lwandanyi","Lwandanyi","",.791611,34.37983,"large","yes",12,,""
55,"Malakisi","Monday/ Friday","Monday","Bungoma","Sirisia","Malakisi/ South Busiru","Malakisi","",.6789221,34.42169,"medium","yes",8,,""
56,"Sirisia","Wednesday","Wednesday","Bungoma","Sirisia","Malakisi/ South Busiru","Sirisia","",.755161,34.50358,"medium","yes",6,,""
57,"Namwela","Sunday","Sunday","Bungoma","Sirisia","Namwela","Namwela","",.770707,34.54874,"large","yes",10,,""
58,"Lwandanyi","None","None","Bungoma","Sirisia","Lwandanyi","Lwandanyi","",.789642,34.41556,"medium","yes",4,,""
59,"Wamono","None","None","Bungoma","Sirisia","Lwandanyi","Lwandanyi","",.790702,34.43446,"small","yes",2,,""
60,"Tuliyenge","None","None","Bungoma","Sirisia","Lwandanyi","Lwandanyi","",.769055,34.46928,"small","yes",3,,""
61,"Machakha","None","None","Bungoma","Sirisia","Lwandanyi","Lwandanyi","",.755928,34.4416,"small","yes",3,,""
62,"Bukokholo","None","None","Bungoma","Sirisia","Malakisi/ South Busiru","Malakisi","",.694557,34.4626,"medium","yes",5,,""
63,"Sitabicha","None","None","Bungoma","Sirisia","Malakisi/ South Busiru","Malakisi","",.713458,34.43677,"small","yes",3,,""
64,"Butonge","None","None","Bungoma","Sirisia","Malakisi/ South Busiru","Malakisi","",.71403,34.47038,"small","yes",2,,""
65,"Nalondo","None","None","Bungoma","Sirisia","Malakisi/ South Busiru","Sirisia","",.485884,34.26006,"small","yes",2,,""
66,"Kulisiru","None","None","Bungoma","Sirisia","Malakisi/ South Busiru","Sirisia","",.736828,34.47782,"small","yes",1,,""
67,"Bisunu","None","None","Bungoma","Sirisia","Malakisi/ South Busiru","Sirisia","",.707131,34.50514,"small","yes",3,,""
68,"Sibanga","None","None","Bungoma","Sirisia","Malakisi/ South Busiru","Sirisia","",.741583,34.5024,"small","yes",2,,""
69,"Kikai","None","None","Bungoma","Sirisia","Namwela","Namwela","",.470599,34.34012,"small","yes",3,,""
70,"Namutokholo","None","None","Bungoma","Sirisia","Namwela","Namwela","",.770592,34.52586,"small","yes",1,,""
71,"Masaba","None","None","Bungoma","Sirisia","Namwela","Namwela","",.790985,34.53179,"small","yes",2,,""
72,"Shiundu Kona","None","None","Bungoma","Sirisia","Namwela","Namwela","",.771121,34.54314,"small","yes",2,,""
73,"Sikata","None","None","Bungoma","Kabuchai","","","",.353542,34.3414,"small","yes",1,,""
74,"Chebukwa","None","None","Bungoma","Kabuchai","","","",,,"tiny","no",0,,""
75,"Kabuchai","None","None","Bungoma","Kabuchai","","","",.385848,34.33451,"small","yes",1,,""
76,"Nalondo","Wednesday","Wednesday","Bungoma","Kabuchai","","","",.6564313,34.59155,"medium","yes",4,,""
77,"Khachonge","None","None","Bungoma","Kabuchai","","","",.410266,34.37404,"small","yes",1,,""
78,"Mukhweya","None","None","Bungoma","Kabuchai","","","",.404366,34.34357,"small","yes",1,,""
79,"Chwele","Monday Wednesday Friday","Monday","Bungoma","Kabuchai","","","",.735889,34.57981,"large","yes",20,,""
80,"Musese","None","None","Bungoma","Kabuchai","","","",.43523,34.34206,"small","yes",1,,""
81,"Lukhome","None","None","Bungoma","Kabuchai","","","",,,"tiny","no",0,,""
82,"Kuywa","None","None","Bungoma","Kabuchai","","","",.464867,34.38262,"small","yes",1,,""
83,"Luuya","None","None","Bungoma","Kabuchai","","","",.384937,34.38235,"small","yes",1,,""
84,"Chebukaka","None","None","Bungoma","Kabuchai","","","",.450038,34.36448,"small","yes",1,,""
85,"Lurende","None","None","Bungoma","Kabuchai","","","",,,"tiny","no",0,,""
86,"Kimalewa","None","None","Bungoma","Kabuchai","","","",.470036,34.38279,"small","yes",1,,""
87,"Webuye/ Dina Junction","Wednesday","Wednesday","Bungoma","Webuye West","Matulo","Matulo","",.6083418,34.75966,"medium","yes",4,,""
88,"Matisi","Thursday","Thursday","Bungoma","Webuye West","Bokoli","Bokoli","",.6229575,34.69401,"small","yes",3,,""
89,"Bokoli","Tuesday","Tuesday","Bungoma","Webuye West","Bokoli","Bokoli","",.7113174,34.66084,"medium","yes",5,,""
90,"Kuywa","none","none","Bungoma","Webuye West","Sitikho","Sitikho","",.5007493,34.68517,"small","yes",1,,""
91,"Sitikho","none","none","Bungoma","Webuye West","Sitikho","Sitikho","",.4737198,34.66636,"small","yes",1,,""
92,"Milo","none","none","Bungoma","Webuye West","Sitikho","Sitikho","",.5305996,34.71968,"small","yes",1,,""
93,"Kasarani","None","None","Busia","Matayos","","","",.251734,34.0853,"Small","Yes",,,""
94,"Soko Posta (Main market)","Monday Thursday","Monday","Busia","Matayos","","","",.459989,34.10641,"Small","Yes",1,,""
95,"Matayos","Wednesday","Wednesday","Busia","Matayos","","","",.365161,34.16553,"Small","Yes",,,""
96,"Mundika","Tuesday Friday","Tuesday","Busia","Matayos","","","",.414435,34.14726,"Small","Yes",,,""
97,"Angorom","Tuesday Friday","Not verified","Busia","Matayos","","","",.49061,34.13453,"Small","Yes",,,""
98,"Busia Town","None","None","Busia","Matayos","","","",.464656,34.10178,"Small","Yes",,,""
99,"Busibwabo","None","None","Busia","Matayos","","","",,,"Tiny","No",,,""
100,"Funyula","Thursday","Thursday","Busia","Samia","","","",.2785172,34.11887,"medium","yes",5,,""
101,"Ganjala","Tuesday/ Friday","Tuesday","Busia","Samia","","","",.33816,34.13733,"tiny","no",0,,""
102,"Sio Port","Tuesday","Tuesday","Busia","Samia","","","",.223275,34.01767,"medium","yes",4,,""
103,"Ganga","Wednesday","Wednesday","Busia","Samia","","","",.183978,34.07804,"tiny","no",0,,""
104,"Bukiri","Saturday","Saturday","Busia","Samia","","","",.228045,34.08759,"tiny","no",0,,""
105,"Lamboboto","None","None","Busia","Samia","","","",,,"tiny","no",0,,""
106,"Mulwanda","None","None","Busia","Samia","","","",,,"tiny","no",0,,""
107,"Nambale","Tuesday Saturday","Saturday","Busia","Nambale","","","",.4485919,34.252,"Medium","Yes",5,,""
108,"Tangakona","Monday Thursday","Thursday","Busia","Nambale","","","",.483441,34.2195,"Small","Yes",,,""
109,"Mungatsi","Wednesday Friday","Friday","Busia","Nambale","","","",.4706226,34.31557,"Small","Yes",,,""
110,"Lupida","Monday Thursday","Not verified","Busia","Nambale","","","",.586346,34.36038,"Small","Yes",,,""
111,"Buyofu","Monday Thursday","Monday","Busia","Nambale","","","",.4820192,34.38606,"Small","Yes",1,,""
112,"Kisoko","None","None","Busia","Nambale","","","",,,"Tiny","No",,,""
113,"Musokoto","None","None","Busia","Nambale","","","",,,"Tiny","No",,,""
114,"Bukadeng","None","None","Busia","Nambale","","","",,,"Tiny","No",,,""
115,"Eluanikha","None","None","Busia","Nambale","","","",,,"Tiny","No",,,""
116,"Madibo","None","None","Busia","Nambale","","","",,,"Tiny","No",,,""
117,"Malanga","None","None","Busia","Nambale","","","",,,"Tiny","No",,,""
118,"Benga","None","None","Busia","Nambale","","","",,,"Tiny","No",,,""
119,"Malaba","Wednesday Saturday","Saturday","Busia","Teso North","","Amoni","Malaba Border",.636336,34.27829,"Medium","Yes",4,,""
120,"Kocholia","Monday Friday","Friday","Busia","Teso North","Malaba South","Kocholia","Kocholia",.619108,34.34221,"Small","Yes",1,,""
121,"Ang'urai","Thursday Sunday","Sunday","Busia","Teso North","","Ang'urai","Aukot",.694612,34.36205,"Small","Yes",1,,""
122,"Kiriamet","Thursday Sunday","Both","Busia","Teso North","","Ang'urai","Kiriamet",,,"Tiny","No",0,,""
123,"Machakusi","None","None","Busia","Teso North","","Machakusi","Amoni",,,"Tiny","No",0,,""
124,"Kamorei","None","None","Busia","Teso North","","","",,,"Tiny","No",0,,""
125,"Changara","None","None","Busia","Teso North","","","",,,"Tiny","No",0,,""
126,"Chemasiri","None","None","Busia","Teso North","","","",,,"Tiny","No",0,,""
127,"Kolanya","None","None","Busia","Teso North","","","",,,"Tiny","No",0,,""
128,"Amagoro","None","None","Busia","Teso North","","Amagoro","Amagoro",,,"Tiny","No",0,,""
129,"Asinge","Tuesday Friday","Both","Busia","Teso South","","","",.545979,34.17845,"Tiny","No",0,,""
130,"Adungosi","Wednesday Saturday","Both","Busia","Teso South","","","",.560413,34.18486,"Tiny","No",0,,""
131,"Kemodo","Sunday Wednesday","Both","Busia","Teso South","","","",.46765,34.18598,"Tiny","No",0,,""
132,"Likolis","Monday Thursday","Both","Busia","Teso South","","","",.580186,34.20438,"Tiny","No",0,,""
133,"Amukura","Tuesday Friday","Both","Busia","Teso South","","","",.558515,34.26885,"Tiny","No",0,,""
134,"Simba Chai","None","None","Busia","Teso South","","","",,,"Tiny","No",0,,""
135,"Odekayi","None","None","Busia","Teso South","","","",,,"Tiny","No",0,,""
136,"Amung'ura","None","None","Busia","Teso South","","","",,,"Tiny","No",0,,""
137,"Amase","None","none","Busia","Teso South","","","",,,"Tiny","No",0,,""
138,"Bumala","Saturday","Saturday","Busia","Butula","Marachi West","Bumala","",.3038675,34.2013,"Small","Yes",1,,""
139,"Butula","Sunday","Sunday","Busia","Butula","Marachi North","","",.342392,34.34044,"Small","Yes",2,,""
140,"Murumba","Thursday Sunday","Thursday","Busia","Butula","Marachi Central","","",.334866,34.25791,"Small","Yes",1,,""
142,"Lugulu","Wednesday","Wednesday","Busia","Butula","Marachi North","","",.393424,34.30388,"Tiny","No",0,,""
143,"Oloo","Friday","Friday","Busia","Butula","Marachi North","","",,,"Tiny","No",0,,""
144,"Ikonzo","Monday Thursday","Monday","Busia","Butula","Marachi West","","",.348577,34.22272,"Tiny","No",0,,""
145,"Ogina","None","None","Busia","Butula","","","",,,"Tiny","No",0,,""
146,"Dadira","None","None","Busia","Butula","","","",,,"Tiny","No",0,,""
147,"Nyapera","None","None","Busia","Butula","","","",,,"Tiny","No",0,,""
148,"Tingolo","None","None","Busia","Butula","","","",,,"Tiny","No",0,,""
149,"Bumala B","None","None","Busia","Butula","","","",,,"Tiny","No",0,,""
150,"Bumutiru","None","None","Busia","Butula","","","",,,"Tiny","No",0,,""
151,"Buhalire","None","None","Busia","Butula","","","",,,"Tiny","No",0,,""
152,"Chengo","None","None","Busia","Butula","","","",,,"Tiny","No",0,,""
153,"Port Victoria","Friday","Friday","Busia","Budalangi","","","",.096746,33.97741,"tiny","no",0,,""
154,"Mulukoba","Monday/ Thursday","Not verified","Busia","Budalangi","","","",,,"medium","yes",5,,""
155,"Budalangi","Wednesday/ Saturday","Saturday","Busia","Budalangi","","","",.136459,34.02888,"small","yes",3,,""
156,"Mubwayo","Tuesday","Tuesday","Busia","Budalangi","","","",.082743,34.04581,"medium","yes",6,,""
157,"Mau Mau","Saturday","Saturday","Busia","Budalangi","","","",.07099,33.98933,"small","yes",2,,""
158,"Mundere","None","None","Busia","Budalangi","","","",,,"tiny","no",0,,""
159,"Otieko","None","None","Busia","Budalangi","","","",,,"tiny","no",0,,""
160,"Musaga","None","None","Kakamega","Navakholo","Navakholo East","Bunyala East","Namirama",.270821,34.44018,"tiny","no",0,,""
161,"Chekata","None","None","Kakamega","Navakholo","Navakholo East","Bunyala East","Sivilie",.4671867,34.72235,"small","yes",1,,""
162,"Mureku","None","None","Kakamega","Navakholo","Navakholo East","Bunyala East","Sivilie",.4741138,34.7021,"small","yes",2,,""
163,"Shiombe","None","None","Kakamega","Navakholo","Navakholo East","Bunyala East","Namirama",,,"tiny","no",0,,""
164,"Lutaso","Friday","Friday","Kakamega","Navakholo","","Bunyala East","Namirama",.4407454,34.71758,"small","yes",1,,""
165,"Navakholo","Saturday Wednesday","Saturday","Kakamega","Navakholo","","Bunyala Central","Nambacha",.414868,34.68148,"small","yes",2,,""
166,"Nambacha","Monday","Monday","Kakamega","Navakholo","","Bunyala Central","Nambacha",.394455,34.66719,"small","yes",1,,""
167,"Matoyi","None","None","Kakamega","Navakholo","","Sirigoi","Sirigoi",,,"tiny","no",0,,""
168,"Namakoya","None","None","Kakamega","Navakholo","Central","Bunyala West","Sirigoi",,,"tiny","no",0,,""
169,"Buchangu","None","None","Kakamega","Navakholo","Central","Bunyala Central","Sirigoi",.264068,34.39574,"tiny","no",0,,""
170,"Bushiri","Friday","Friday","Kakamega","Navakholo","Ingotse Matiha","Matiya-Ingotse","Sirigoi",.3670979,34.7302,"small","yes",2,,""
171,"Simuli","None","None","Kakamega","Navakholo","","Kabras South","Sirigoi",.224042,34.43525,"tiny","no",0,,""
172,"Munduma","None","None","Kakamega","Navakholo","","North Butsotso","Sirigoi",,,"tiny","no",0,,""
173,"Emulama","None","None","Kakamega","Navakholo","","North Butsotso","Sirigoi",,,"tiny","no",0,,""
174,"Matiya","None","None","Kakamega","Navakholo","Ingotse Matiha","North Butsotso","Sirigoi",,,"tiny","no",0,,""
175,"Ingotse","None","None","Kakamega","Navakholo","Ingotse Matiha","North Butsotso","Sirigoi",,,"tiny","no",0,,""
176,"Shiyongo","None","None","Kakamega","Navakholo","Shinoyi Shikokote","West Butsotso","Sirigoi",,,"tiny","no",0,,""
177,"Emukangu","None","None","Kakamega","Navakholo","Shinoyi Shikokote","West Butsotso","Sirigoi",.13033,34.31123,"small","yes",1,,""
178,"Bukheri","None","None","Kakamega","Navakholo","Navakholo East","Bunyala East","Sirigoi",,,"tiny","no",0,,""
179,"Namirama","None","None","Kakamega","Navakholo","Navakholo East","Bunyala East","Sirigoi",.253457,34.42158,"tiny","no",0,,""
180,"Kharanda","None","None","Kakamega","Navakholo","Bunyala West","Bunyala East","Sirigoi",.263402,34.38078,"small","yes",1,,""
181,"Malaha","Monday/ Thursday","Thursday","Kakamega","Mumias East","Malaha/Isongo/ Makunga","Malaha","Sirigoi",.3616505,34.62287,"large","yes",9,,""
182,"Makunga","Wednesday","Wednesday","Kakamega","Mumias East","Malaha/Isongo/ Makunga","Makunga","Sirigoi",.301432,34.62377,"medium","yes",5,,""
183,"Maraba","Saturday","Saturday","Kakamega","Mumias East","Malaha/Isongo/ Makunga","Makunga","Sirigoi",.292472,34.74646,"small","yes",2,,"Market located with similar name seems out of range."
184,"Isongo","Friday","Friday","Kakamega","Mumias East","Malaha/Isongo/ Makunga","Isongo","Sirigoi",.335604,34.64918,"small","yes",2,,""
185,"Khaimba","Saturday","Saturday","Kakamega","Mumias East","Malaha/Isongo/ Makunga","Isongo","Sirigoi",.331088,34.61209,"small","yes",2,,""
186,"Shianda","Wednesday/ Saturday","Saturday","Kakamega","Mumias East","East Wanga","Shianda","Sirigoi",.278101,34.73685,"large","yes",10,,""
187,"Bulecha","None","none","Kakamega","Mumias East","East Wanga","East Wanga","Sirigoi",,,"small","yes",1,,""
188,"Khaunga","Thursday","Thursday","Kakamega","Mumias East","East Wanga","Khaunga","Sirigoi",.381477,34.58415,"medium","yes",4,,""
189,"Shibinga","Tuesday","Tuesday","Kakamega","Mumias East","Lubinu","Lubinu","Sirigoi",.297082,34.55481,"small","yes",3,,""
190,"Lusheya","None","None","Kakamega","Mumias East","Lubinu","Lusheya","Sirigoi",.227843,34.42793,"small","yes",3,,""
191,"Ekero","None","None","Kakamega","Mumias East","Lubinu","Ekero","Sirigoi",.323612,34.50547,"medium","yes",5,,""
192,"Kamashia","None","None","Kakamega","Mumias East","Lubinu","Ekero","Sirigoi",.292224,34.50881,"small","yes",3,,""
193,"Mwitoti","None","None","Kakamega","Mumias East","Lubinu","Lusheya","Sirigoi",.325558,34.52951,"small","yes",3,,""
194,"Indangalasha","None","None","Kakamega","Mumias East","Lubinu","Lusheya","Sirigoi",.280678,34.52555,"small","yes",2,,""
196,"Elwasambi","None","None","Kakamega","Mumias East","Lubinu","Lubinu","Sirigoi",.285571,34.56721,"small","yes",2,,""
197,"Eshikufu","None","None","Kakamega","Mumias East","Lubinu","Ekero","Sirigoi",,,"small","yes",2,,""
198,"Ebubole","None","None","Kakamega","Mumias East","Lubinu","Ekero","Sirigoi",.300134,34.51439,"small","yes",2,,""
199,"Butere","Monday","Monday","Kakamega","Butere","marama central","township","Sirigoi",.2063656,34.48984,"large","yes",25,,""
200,"Buchenya","Wednesday","Wednesday","Kakamega","Butere","marama west","buchenya","Sirigoi",.230354,34.52445,"large","yes",50,,""
201,"Bukura","wedesday/Saturday","Wednesday","Kakamega","Butere","marama north","marama north","Sirigoi",.221018,34.61375,"large","yes",15,,""
202,"Bulanda","None","None","Kakamega","Butere","marama north","marama north","Sirigoi",.163933,34.27437,"medium","yes",5,,""
203,"Bumamu","None","None","Kakamega","Butere","marama west","west marama","Sirigoi",,,"tiny","no",0,,""
204,"Shiatsala","wednesday","wednesday","Kakamega","Butere","marama south","marama south","Sirigoi",.218505,34.50018,"large","yes",20,,""
205,"Busheni","None","None","Kakamega","Butere","marama south","manyala","Sirigoi",,,"large","yes",10,,""
206,"Bukhoko","None","None","Kakamega","Butere","marama south","shianda","Sirigoi",,,"large","yes",10,,""
207,"Ebushichinji","None","None","Kakamega","Butere","marama north","marama north","Sirigoi",,,"small","yes",2,,""
208,"Emachifi","None","None","Kakamega","Butere","marama west","marama west","Sirigoi",,,"large","yes",10,,""
209,"Eshikulu","None","None","Kakamega","Butere","marama south","","",,,"","",,,""
210,"Queen/Emukoa","None","None","Kakamega","Butere","marama central","imanga","shitswitswi",,,"large","yes",10,,""
211,"Emukhwaye","None","None","Kakamega","Butere","marama west","west marama","lunza",.258547,34.5452,"large","yes",10,,""
212,"Ituti","None","None","Kakamega","Butere","marama west","shitari","ituti",,,"large","yes",10,,""
213,"Lunza","None","None","Kakamega","Butere","marama west","west marama","lunza",.236047,34.55745,"large","yes",30,,""
214,"Manyala","None","None","Kakamega","Butere","marama south","manyala","ebukuchi",.160174,34.45094,"large","yes",20,,""
215,"Butingo","None","None","Kakamega","Butere","marama north","","",,,"","",,,""
216,"Mureko","None","None","Kakamega","Butere","marama central","","",,,"","",,,""
217,"Harambee","None","None","Kakamega","Butere","marama central","shinamwenyuli","emuteche",,,"","",,,""
218,"Ebusikaira","None","None","Kakamega","Butere","marama central","shitwsitswi","",,,"large","yes",15,,""
219,"Mahondo","None","None","Kakamega","Butere","marama south","marama south","masaba",.190341,34.44332,"large","yes",10,,""
220,"Shikunga","None","None","Kakamega","Butere","marama west","marenyo","shianda",.112733,34.31458,"","",,,""
221,"Stage Appolo","None","None","Kakamega","Butere","marama north","maram north","marama north",.104276,34.37593,"small","yes",1,,""
222,"Masaba","None","None","Kakamega","Butere","marama south","marama south","masaba",.199209,34.46405,"large","yes",10,,""
223,"Shitswitswi","None","None","Kakamega","Butere","marama central","marama north","",,,"","",,,""
224,"Shiatsala","None","None","Kakamega","Butere","marama north","west marama","marama north",.103205,34.28444,"large","yes",10,,""
225,"Emunuku","None","None","Kakamega","Butere","marama west","west marama","lunza",.13561,34.34345,"large","yes",15,,""
226,"eshitari","Friday","Friday","Kakamega","Butere","marama west","shitari","ituti",.255127,34.60294,"large","yes",30,,""
227,"Marenyo","None","None","Kakamega","Butere","marenyo","marenyo","muyungi",.191017,34.52943,"","",,,""
228,"Bukhoko","None","None","Kakamega","Butere","marenyo/shianda","bukhoko","shianda",,,"tiny","no",0,,""
229,"Shatsala","None","None","Kakamega","Butere","marenyo/shianda","shianda","bubala",,,"tiny","no",0,,""
230,"Manyulia","Wednesday/Saturday","Saturday","Kakamega","Butere","marenyo/shianda","shianda","mabole",.218849,34.50037,"small","yes",2,,""
231,"Musoli","Tuesday","Tuesday","Kakamega","Ikolomani","Idakho Central","Isulu","",.203865,34.66717,"medium","yes",4,,""
232,"Malinya","Thursday","Thursday","Kakamega","Ikolomani","Idakho Central","Shirumba","",.196532,34.73341,"small","yes",3,,""
233,"Isulu","Friday","Friday","Kakamega","Ikolomani","Idakho Central","Isulu","",.197069,34.69669,"small","yes",3,,""
234,"Shereji","Sunday","Sunday","Kakamega","Ikolomani","Idakho South","Shereji","",,,"","",,,""
235,"Kilingili","Friday","Friday","Kakamega","Ikolomani","Idakho South","Shikumu","",.123314,34.68116,"medium","yes",6,,""
236,"Shimanyiro","Monday","Monday","Kakamega","Ikolomani","Idakho North","Shisere","",.236348,34.68706,"small","yes",3,,""
237,"Khayega","None","None","Kakamega","Shinyalu","","Khayega","",.207931,34.77089,"medium","yes",5,,""
238,"Shihuli","None","None","Kakamega","Shinyalu","","","",,,"tiny","no",0,,""
239,"Sigalagala","None","None","Kakamega","Shinyalu","","","",.192721,34.76192,"small","yes",1,,""
240,"Museno","None","None","Kakamega","Shinyalu","","","",.195875,34.76865,"small","yes",1,,""
241,"malimali","Friday","Friday","Kakamega","Shinyalu","","Ilesi","",.356562,34.81869,"medium","yes",5,,""
242,"Ilesi","None","None","Kakamega","Shinyalu","","Ilesi","",.233473,34.75319,"small","yes",1,,""
243,"Mugomari","None","None","Kakamega","Shinyalu","","Ilesi","",,,"tiny","no",0,,""
244,"Musingu","None","None","Kakamega","Shinyalu","","Ilesi","",,,"tiny","no",0,,""
245,"Mukhonje","None","None","Kakamega","Shinyalu","","Ilesi","",.604954,34.87534,"tiny","no",0,,""
246,"Vihulu","None","None","Kakamega","Shinyalu","","","",,,"tiny","no",0,,""
247,"IVihiga","Wednesday","Wednesday","Kakamega","Shinyalu","Shinyalu East","","",.291427,34.94403,"small","yes",3,,""
248,"Chirobani","Thursday","Thursday","Kakamega","Shinyalu","Shinyalu East","","",,,"","",,,""
249,"Kisia","None","None","Kakamega","Shinyalu","Shinyalu East","","",,,"","",,,""
250,"Ikuywa","None","None","Kakamega","Shinyalu","Shinyalu East","","",.208006,34.79461,"","",,,""
251,"Lukusi","None","None","Kakamega","Shinyalu","Shinyalu East","","",,,"","",,,""
252,"Murhanda","None","None","Kakamega","Shinyalu","Shinyalu East","Murhanda","",,,"tiny","no",0,,""
253,"Shamiloli","None","None","Kakamega","Shinyalu","Shinyalu East","Murhanda","",,,"small","yes",2,,""
254,"Shiswa","None","None","Kakamega","Shinyalu","Shinyalu East","Murhanda","",,,"tiny","no",0,,""
255,"Shinyalu","Wednesday/ Saturday","Saturday","Kakamega","Shinyalu","Shinyalu East","Shing'odo","",.227875,34.81516,"medium","yes",6,,""
256,"Murhanda","None","None","Kakamega","Shinyalu","Shinyalu East","Shing'odo","",.263933,34.79618,"medium","yes",5,,""
257,"Lubao","Thursday","Thursday","Kakamega","Shinyalu","","Kambiri","",.3350698,34.81344,"medium","yes",5,,"Listed in both Shinyalu and Malava sub counties."
258,"Kambiri","Saturday","Saturday","Kakamega","Shinyalu","","Kambiri","",.380824,34.9075,"small","yes",2,,""
259,"Bulobi","None","None","Kakamega","Shinyalu","","Kambiri","",,,"small","yes",1,,""
260,"Kipkaren","Thursday","Thursday","Kakamega","Lugari","Chekalini","Chekalini","Musembe",.607278,34.9662,"large","yes",9,,""
261,"Musembe","None","None","Kakamega","Lugari","Chekalini","Chekalini","Musembe",,,"tiny","no",0,,""
262,"Matete","Saturday","Saturday","Kakamega","Lugari","Chevaywa","Matete","Kivaywa",.5618699,34.80548,"medium","yes",7,,""
263,"Sango","Tuesday","Tuesday","Kakamega","Lugari","Chevaywa","","Kulumbeni",.4849681,34.75103,"medium","yes",5,,""
264,"Nambilima","Friday","Friday","Kakamega","Lugari","Chevaywa","","Kiliboti",.5197643,34.76527,"small","yes",2,,""
265,"Mukhonje","Monday","Monday","Kakamega","Lugari","Lwandeti","","",.604759,34.87534,"small","yes",1,,""
266,"Lwandeti","Friday","Friday","Kakamega","Lugari","Lwandeti","","",.607019,34.84639,"medium","yes",4,,""
267,"Chimoi","Tuesday","Tuesday","Kakamega","Lugari","Lwandeti","","",.576253,34.82619,"medium","yes",4,,""
268,"Lugari Center","Wednesday","Wednesday","Kakamega","Lugari","Lugari","Lugari","Marakusi",.651109,34.87616,"medium","yes",4,,""
269,"Lugari-Harambee","Wednesday","Wednesday","Kakamega","Lugari","Lugari","Lugari","Lugari",,,"medium","yes",4,,""
270,"Panpaper","Wednesday","Wednesday","Kakamega","Lugari","Lugari","Lugari","Marakusi",.696187,34.98782,"medium","yes",4,,""
271,"Muungano","Tuesday","Tuesday","Kakamega","Lugari","Lugari","Lugari","Marakusi",.676602,34.98012,"medium","yes",4,,""
272,"Lunyito","Thursday","Thursday","Kakamega","Lugari","Lugari","Lugari","Lugari",.677165,34.87669,"medium","yes",4,,""
273,"Marakusi","Thursday","Thursday","Kakamega","Lugari","Lugari","Lugari","Marakusi",,,"medium","yes",4,,""
274,"Makutano","Thursday","Thursday","Kakamega","Lugari","Lugari","Lugari","Marakusi",.716311,34.94171,"medium","yes",4,,""
275,"Lugari Station","Wednesday","Wednesday","Kakamega","Lugari","Lugari","Lugari","Lugari",,,"medium","yes",4,,""
276,"Machine","None","None","Kakamega","Likuyani","Sinoko","","",,,"small","yes",1,,""
277,"Nzoia","None","None","Kakamega","Likuyani","Sinoko","","",,,"small","yes",1,,""
278,"Sokomoko","None","None","Kakamega","Likuyani","Sinoko","","",,,"tiny","no",0,,""
279,"Matunda","Saturday","Saturday","Kakamega","Likuyani","Nzoia","","",.8281983,35.14991,"medium","yes",6,,""
280,"Kona mbaya","Wednesday","Wednesday","Kakamega","Likuyani","Nzoia","","",.654716,34.96926,"small","yes",2,,""
281,"Mbururu","None","None","Kakamega","Likuyani","Nzoia","","",.503911,35.03016,"small","yes",1,,""
282,"Mruli","None","None","Kakamega","Likuyani","Nzoia","","",,,"tiny","no",0,,""
283,"Mutoni","None","None","Kakamega","Likuyani","Nzoia","","",,,"tiny","no",0,,""
284,"Furfaral","None","None","Kakamega","Likuyani","Kongoni","Kongoni","",,,"tiny","no",0,,""
285,"Nangili","thurday","Thursday","Kakamega","Likuyani","Kongoni","Kongoni","",.748201,35.14907,"small","yes",2,,""
286,"Nasianda","None","None","Kakamega","Likuyani","Kongoni","Kongoni","",,,"tiny","no",0,,""
287,"Makokha","None","None","Kakamega","Likuyani","Kongoni","Kongoni","",,,"tiny","no",0,,""
288,"Likuyani","Monday","Monday","Kakamega","Likuyani","","Soy","Seregeya",.713249,35.10679,"medium","yes",4,,""
289,"Soy","Friday","Friday","Kakamega","Likuyani","","Soy","Seregeya",.672582,35.15546,"medium","yes",4,,""
290,"Seregeya","None","None","Kakamega","Likuyani","","Soy","Seregeya",.66555,35.11393,"small","yes",1,,""
291,"Msalaba yellow","None","None","Kakamega","Likuyani","","Soy","Seregeya",,,"tiny","no",0,,""
292,"Milimani","None","None","Kakamega","Likuyani","","Soy","Seregeya",.43227,35.01263,"small","yes",2,,""
293,"Sango","Wednesday","Wednesday","Kakamega","Likuyani","","","Sango",.712069,35.08181,"small","yes",1,,""
294,"Number one","None","None","Kakamega","Likuyani","","","Sango",,,"tiny","no",0,,""
295,"Kogo","None","None","Kakamega","Likuyani","","","Sango",,,"tiny","no",0,,""
296,"Lukulu","None","None","Kakamega","Likuyani","","","",,,"tiny","no",0,,""
297,"vinyenya","None","None","Kakamega","Likuyani","","","",,,"tiny","no",0,,""
298,"matisi","None","None","Kakamega","Likuyani","","","",,,"tiny","no",0,,""
299,"msemwa","None","None","Kakamega","Likuyani","","","",,,"tiny","no",0,,""
300,"mbururu","None","None","Kakamega","Likuyani","","","",.846046,35.0578,"small","yes",1,,""
301,"nyoropisi","None","None","Kakamega","Likuyani","","","",,,"tiny","no",0,,""
302,"Eshitinji","Tuesday","Tuesday","Kakamega","Lurambi","Butsotso Central","Butsotso Central","Shibuli/Eshisiru",.290875,34.69768,"small","yes",2,,""
303,"Shibuli","None","None","Kakamega","Lurambi","Butsotso Central","Butsotso Central","Shibuli",.279675,34.67212,"small","yes",2,,""
304,"Shimanyiro","None","None","Kakamega","Lurambi","Butsotso Central","Butsotso Central","Shibuli",.255469,34.68753,"small","yes",2,,""
305,"Ejinja Corner","None","None","Kakamega","Lurambi","Butsotso Central","Butsotso Central","Shiyunzu",,,"small","yes",1,,""
306,"Ikonyero","None","None","Kakamega","Lurambi","Butsotso Central","Butsotso Central","Shiyunzu",.280247,34.724,"small","yes",2,,""
307,"Shirere","None","None","Kakamega","Lurambi","Shirere","Municipality","Shirere",,,"small","yes",3,,""
308,"Sitina","None","None","Kakamega","Lurambi","Shirere","Municipality","Shirere",,,"small","yes",3,,""
309,"Amalemba","None","None","Kakamega","Lurambi","Shirere","Municipality","Shirere",.266847,34.76327,"small","yes",2,,""
310,"Shikulu","None","None","Kakamega","Lurambi","Mayakalo","Bukhungu","Mayakhalo",,,"small","yes",1,,""
311,"Shimalavandu","None","None","Kakamega","Lurambi","Mayakalo","Bukhungu","Mayakhalo",,,"small","yes",2,,""
312,"Shichirai","Wednesday/ Saturday","Both","Kakamega","Lurambi","Sheywe","Sheywe","Shichirai",.302599,34.76281,"small","yes",1,,""
313,"Kambi Somali","Wednesday/ Saturday","Not verified","Kakamega","Lurambi","Sheywe","Sheywe","Township",,,"small","yes",2,,""
314,"Kakamega town","Saturday","Saturday","Kakamega","Lurambi","Sheywe","Sheywe","Township",.286575,34.75526,"medium","yes",8,,""
315,"Bukura","Wednesday","Wednesday","Kakamega","Lurambi","Butsotso South","Bukura","Emukaya",,,"medium","yes",4,,""
316,"matioli","None","None","Kakamega","lurambi","busotso","bukura","matioli",,,"small","yes",1,,""
317,"shikoti","None","None","Kakamega","Lurambi","busotso east","busotso east","endagalasia",,,"small","yes",3,,""
318,"emukava","None","None","Kakamega","Lurambi","busotso east","busotso east","endangalasia",,,"small","yes",2,,""
319,"emusala","None","None","Kakamega","Lurambi","busotso east","busotso east","endangalasia",,,"small","yes",2,,""
320,"lurambi","None","None","Kakamega","Lurambi","shieywe","shieywe","township",.295314,34.76327,"medium","yes",6,,""
321,"Bulimbo (Harambee)","Tuesday/Saturday","Saturday","Kakamega","Matungu","Kholera","Kholera","Bulimbo",.4355646,34.51136,"medium","yes",8,,""
322,"Musamba","None","None","Kakamega","Matungu","Khalaba","Khalaba","Musamba",,,"tiny","no",0,,""
323,"Makokhwe","None","None","Kakamega","Matungu","Khalaba","Khalaba","Musamba",,,"tiny","no",0,,""
324,"Mayoni","None","None","Kakamega","Matungu","Mayoni","Matungu","Matungu",.3770648,34.48817,"tiny","no",0,,""
325,"Kholera","None","None","Kakamega","Matungu","Kholera","Kholera","Kholera",,,"tiny","no",0,,""
326,"Khulwanda","None","None","Kakamega","Matungu","Mayoni","Matungu","Matungu",,,"tiny","no",0,,""
327,"Busombi","None","None","Kakamega","Matungu","Khalaba","Khalaba","Khalaba",,,"tiny","no",0,,""
328,"Matungu","Wednesday","Wednesday","Kakamega","Matungu","Mayoni","Matungu","Mayoni",.394263,34.47276,"small","yes",1,,""
329,"Eshiakula","None","None","Kakamega","Matungu","Mayoni","Matungu","Mayoni",,,"tiny","no",0,,""
330,"Emakale","None","None","Kakamega","Matungu","Mayoni","Matungu","Makale",,,"tiny","no",0,,""
331,"Ejinja","None","None","Kakamega","Matungu","Koyonzo","Koyonzo","Ejinja",,,"tiny","no",0,,""
332,"Buhuyi (Ogalo)","Thursday","Thursday","Kakamega","Matungu","Koyonzo","Indangalasia","Eshirumbwe",.360294,34.40388,"medium","yes",6,,""
333,"Indagala","None","None","Kakamega","Matungu","Koyonzo","Indangalasia","Indangalasia",,,"small","yes",1,,""
334,"Koyonzo","Monday/ Thursday","Monday","Kakamega","Matungu","Koyonzo","Koyonzo","Koyonzo",.4213131,34.42513,"large","yes",12,,""
335,"Lung'anyiro","None","None","Kakamega","Matungu","Namamali","Lung'anyiro","Munami",,,"tiny","no",0,,""
336,"Munami","None","None","Kakamega","Matungu","Namamali","Lung'anyiro","Munami",.262574,34.2206,"small","yes",1,,""
337,"Mirere","None","None","Kakamega","Matungu","Namamali","Namamali","Mirere",,,"tiny","no",0,,""
338,"Namulungu","None","None","Kakamega","Matungu","Kholera","Kholera","Namulungu",,,"tiny","no",0,,""
339,"Wananchi","None","None","Kakamega","Matungu","Kholera","Kholera","Kholera",,,"tiny","no",0,,""
340,"Namalenge","None","None","Kakamega","Matungu","Kholera","Kholera","Kholera",,,"tiny","no",0,,""
341,"Shibale A","None","None","Kakamega","Matungu","Kholera","Kholera","Namulungu",.213115,34.29138,"small","yes",1,,""
342,"Eshikala","None","None","Kakamega","Matungu","Koyonzo","Indangalasia","Eshirumbwe",,,"tiny","no",0,,""
343,"Lubanga","None","None","Kakamega","Matungu","","Lung'anyiro","Lung'anyiro",,,"tiny","no",0,,""
344,"Mung'ungu","None","None","Kakamega","Matungu","","Koyonzo","Nanyeni",,,"tiny","no",0,,""
345,"Chanda","None","None","Kakamega","Matungu","","Khalaba","Khalaba",,,"tiny","no",0,,""
346,"Butali","Monday","Monday","Kakamega","Malava","butali/chegulo","","",.489087,34.83738,"large","yes",10,,""
347,"Malava","Friday","Friday","Kakamega","Malava","mugai/shirugu","","",.4460175,34.854,"large","yes",10,,""
348,"Lubao","Thursday","Thursday","Kakamega","Malava","south kabras","","",.3350698,34.81344,"large","yes",11,,""
349,"Kakunga","Tuesday","Tuesday","Kakamega","Malava","east kabras","","",,,"small","yes",1,,""
350,"Lukume","Saturday","Saturday","Kakamega","Malava","west kabras","lukume","",.3898043,34.75643,"small","yes",3,,""
351,"Samitsi","Wednesday","Wednesday","Kakamega","Malava","","","",.4644179,34.76352,"medium","yes",4,,""
352,"Chegulo","Wednesday","Wednesday","Kakamega","Malava","butali/chegulo","","",.4943134,34.78785,"small","yes",3,,""
353,"Manda","Monday","Monday","Kakamega","Malava","shivanga","","",.342461,34.51398,"tiny","no",0,,""
354,"Namagara","Wednesday","Wednesday","Kakamega","Malava","manda/shivanga","","",.503336,34.87639,"small","yes",3,,""
355,"Kimangeti","Wednesday","Wednesday","Kakamega","Malava","chemche","","",.430913,34.91259,"small","yes",3,,""
356,"Ikoli","Friday","Friday","Kakamega","Malava","east kabras","","",.39281,34.94223,"small","yes",1,,""
357,"Kambi ya Mwanza","Tuesday","Tuesday","Kakamega","Malava","south kabras","","",.3761126,34.85362,"medium","yes",8,,""
358,"Simuli","Wednesday","Wednesday","Kakamega","Malava","west kabras","burundu","",.366656,34.72972,"small","yes",1,,""
359,"Shikutse","Sunday","Sunday","Kakamega","Malava","west kabras","lukume","",.4106464,34.78214,"small","yes",3,,""
360,"Matsakha","Wednesday","Wednesday","Kakamega","Malava","butali/chegulo","","",.530116,34.81325,"small","yes",1,,""
361,"Mumias Town","Friday","Friday","Kakamega","Mumias West","Mumias Central","Nabongo","Township",.3357208,34.48849,"Large","yes",50,,""
362,"Nabongo market","Sunday","Sunday","Kakamega","Mumias West","Mumias Central","Nabongo","Township",.3357208,34.48849,"Large","yes",50,,""
363,"Shibale","None","None","Kakamega","Mumias West","Mumias Central","Nabongo","Township",.358691,34.48716,"small","yes",1,,""
364,"Khungema","None","None","Kakamega","Mumias West","Mumias Central","Lureko","Matawa",,,"small","yes",1,,""
365,"Matawa","None","None","Kakamega","Mumias West","Mumias Central","Lureko","Lureko",,,"tiny","no",0,,""
366,"Ekero","None","None","Kakamega","Mumias West","Mumias Central","Nabongo","Township",.323671,34.50545,"small","yes",2,,""
367,"Musanda","Thursday/ Saturday","Thursday","Kakamega","Mumias West","Musanda","Musanda","Musanda",.22001,34.44577,"small","yes",3,,""
368,"Lukongo","Tuesaday","Tuesaday","Kakamega","Mumias West","Itenje","Bukaya","Emukhuwa",,,"tiny","no",0,,""
369,"Bungatsi","Tuesday/ Friday","Tuesday/ Friday","Kakamega","Mumias West","Musanda","Musanda","Bungatsi",,,"tiny","no",0,,""
370,"Buhuru","Tuesday","Tuesday","Kakamega","Mumias West","Musanda","Eshikalame","Eshikalame",.352453,34.69752,"small","yes",3,,""
371,"Samantsi","Thursday","Thursday","Kakamega","Mumias West","Etenje","Buchifi","Emasingira",,,"small","yes",1,,""
372,"Buchifi","Tuesday","Tuesday","Kakamega","Mumias West","Etenje","Buchifi","Buchifi",.292622,34.45109,"small","yes",1,,""
373,"Lukoye","None","None","Kakamega","Mumias West","Mumias North","Nabongo","Nuclear",.342821,34.49088,"small","yes",1,,""
374,"Otiato","Wednesday","Wednesday","Kakamega","Mumias West","Itenje","Buchifi","Emasingira",.27704,34.436,"small","yes",1,,""
375,"Matemo","None","None","Kakamega","Mumias West","Itenje","Buchifi","Emasingira",,,"tiny","no",0,,""
376,"Khwisero","Tuesday/Saturday","Saturday","Kakamega","Khwisero","Kisa Central","","",.171238,34.59458,"medium","yes",4,,""
377,"Ebulakai","Sunday","Sunday","Kakamega","Khwisero","","","",,,"small","yes",2,,""
379,"Dudi","Tuesday/FRIDAY","Both","Kakamega","Khwisero","Kisa West","","",.108985,34.48827,"medium","yes",5,,""
380,"Mulwanda","None","None","Kakamega","Khwisero","Kisa Central","","",.14395,34.56621,"small","yes",1,,""
381,"Mundeku","None","None","Kakamega","Khwisero","","","",.141005,34.53801,"small","yes",2,,""
382,"Masatsi","None","None","Kakamega","Khwisero","","","",,,"small","yes",2,,""
383,"Shibinga","None","None","Kakamega","Khwisero","","","",.295261,34.55117,"small","yes",2,,""
384,"Kombewa","Friday","Friday","Kisumu","Seme","Central Seme","Seme","Upper Kombewa",-.108895,34.52548,"Medium","Yes",3,,"List from Sub Country Administrator, Nocodemus O. Ochung': 0714245258/0733384152"
385,"Reru","Monday","Monday","Kisumu","Seme","West Seme","Seme","East Reru",-.193448,34.84208,"Tiny","No",0,,"List from Sub Country Administrator, Nocodemus O. Ochung': 0714245258/0733384153"
386,"Akado","Thursday","Thursday","Kisumu","Seme","West Seme","Seme","Kadinga West",-.153272,34.43926,"Tiny","No",0,,"List from Sub Country Administrator, Nocodemus O. Ochung': 0714245258/0733384154"
387,"Bar Korwa","Sunday Wednesday","Sunday","Kisumu","Seme","North Seme","Seme","KatieNo",-.068989,34.51486,"Tiny","No",0,,"List from Sub Country Administrator, Nocodemus O. Ochung': 0714245258/0733384155"
388,"Mirieri","Wednesday","Wednesday","Kisumu","Seme","Central Seme","Seme","Kanyaduera",-.063268,34.43775,"Tiny","No",0,,"List from Sub Country Administrator, Nocodemus O. Ochung': 0714245258/0733384156"
389,"Magwar","Thursday","Thursday","Kisumu","Seme","East Seme","Seme","West Kolunje",-.052762,34.57637,"Tiny","No",0,,"List from Sub Country Administrator, Nocodemus O. Ochung': 0714245258/0733384157"
390,"Bodi Kolunje","None","None","Kisumu","Seme","Central Seme","Seme","South Alungo",.051783,34.35171,"Small","Yes",1,,"List from Sub Country Administrator, Nocodemus O. Ochung': 0714245258/0733384158"
391,"Obola","None","None","Kisumu","Seme","North Seme","Seme","Kit Mikayi",,,"Tiny","No",0,,"List from Sub Country Administrator, Nocodemus O. Ochung': 0714245258/0733384159"
392,"Rata","None","None","Kisumu","Seme","North Seme","Seme","Rata",-.091977,34.81828,"Tiny","No",0,,""
393,"Nyamwoda","None","None","Kisumu","Seme","West Seme","Seme","Alwaza",,,"Tiny","No",0,,"List from Sub Country Administrator, Nocodemus O. Ochung': 0714245258/0733384160"
394,"Nyaguda","Monday","Monday","Kisumu","Seme","East Seme","Kit Mikayi","Kolunje West",-.116748,34.55575,"Tiny","No",0,,"List from Sub Country Administrator, Nocodemus O. Ochung': 0714245258/0733384162"
395,"Lung'a","None","None","Kisumu","Seme","East Seme","","Kolunje West",-.062249,34.54752,"Tiny","No",0,,"List from Sub Country Administrator, Nocodemus O. Ochung': 0714245258/0733384163"
396,"Riat","None","None","Kisumu","Seme","West Seme","East Seme","Kanyaduera",-.075949,34.72956,"Tiny","No",0,,""
397,"Kolenyo","None","None","Kisumu","Seme","East Seme","","",-.092932,34.75597,"Tiny","No",0,,"List from Sub Country Administrator, Nocodemus O. Ochung': 0714245258/0733384161"
399,"Kowino","None","None","Kisumu","Kisumu East","Nyalenda A","Kolwa","Nyalenda A",-.11434,34.76936,"Tiny","No",0,,""
400,"Okonyo Welo","None","None","Kisumu","Kisumu East","Nyalenda A","Kolwa","Nyalenda A",,,"Tiny","No",0,,""
401,"Gita","None","None","Kisumu","Kisumu East","Kajulu","Kajulu West","Okok",-.028564,34.79156,"Tiny","No",0,,""
402,"Mamboleo","Tuesday","Tuesday","Kisumu","Kisumu East","Kajulu","Kajulu West","Konya",-.058036,34.78465,"Medium","Yes",7,,""
403,"Wathorego","Thursday","Thursday","Kisumu","Kisumu East","Kajulu","Kajulu West","Konya",-.048367,34.80466,"small","Yes",1,,""
404,"Riat","Wednesday","wednesday","Kisumu","Kisumu East","Kajulu","Kajulu West","Okok",-.038291,34.76125,"Tiny","No",0,,""
405,"Kasawino","None","None","Kisumu","Kisumu East","Manyatta B","Kolwa West","",-.108675,34.7837,"small","Yes",1,,""
406,"Koyango","None","None","Kisumu","Kisumu East","Manyatta B","Kolwa West","",-.095403,34.78415,"small","Yes",1,,""
407,"Chiga","Friday","Friday","Kisumu","Kisumu East","Kolwa East","Kolwa East","",-.099138,34.84586,"small","yes",2,,""
408,"Kasarani","None","None","Kisumu","Kisumu East","Kolwa East","","",-.083487,34.87734,"","",,,""
409,"Nyayo","None","None","Kisumu","Kisumu East","Kolwa East","","",-.096148,34.75559,"","",,,""
410,"Landi Matope","None","None","Kisumu","Kisumu East","Kolwa East","","",,,"","",,,""
411,"Angola","None","None","Kisumu","Kisumu East","Kolwa East","","",,,"","",,,""
412,"Nyamasaria","Wednesday","Wednesday","Kisumu","Kisumu East","Kolwa Central","","",-.115831,34.78675,"medium","yes",4,,""
413,"Mowlem","None","None","Kisumu","Kisumu East","Kolwa Central","","",-.12335,34.7922,"","",,,""
414,"Ragumo","None","None","Kisumu","Kisumu East","Kolwa Central","","",-.119319,34.80935,"","",,,""
415,"Ofunyu","None","None","Kisumu","Kisumu East","Kolwa Central","","",,,"","",,,""
416,"Kibos","Monday/ Saturday","Saturday","Kisumu","Kisumu East","Kolwa Central","","",-.071184,34.81069,"small","yes",2,,""
417,"Katito","Thursday Sunday","Thursday","Kisumu","Nyakach","North Nyakach","North Nyakach","Atoyieng'o",-.2705327,34.97139,"Large","Yes",17,,""
419,"Pap Onditi","None","None","Kisumu","Nyakach","Central Nyakach","Central Nyakach","Olembo",-.312524,34.93657,"Small","Yes",1,,""
420,"Nyabondo Koliech","Sunday Morning","Sunday","Kisumu","Nyakach","S.E Nyakach","S.E Nyakach","Kadiang'a East",-.38134,34.97965,"Small","Yes",3,,""
421,"Oboch","Tuesday Saturday","Not verified","Kisumu","Nyakach","S.W Nyakach","S.W Nyakach","Kajimbo",-.38771,34.93585,"Medium","Yes",4,,""
422,"Bodi","Thursday Sunday","Sunday","Kisumu","Nyakach","S.W Nyakach","S.W Nyakach","Keto",-.360988,34.93539,"Small","Yes",2,,""
423,"Nyamaroka","None","None","Kisumu","Nyakach","S.E Nyakach","Sigoti","Koguta East",.542144,34.3704,"Small","Yes",3,,""
424,"Angoreno Sigoti","Saturday Tuesday","Saturday","Kisumu","Nyakach","S.E Nyakach","Sigoti","Ramogi",-.351045,34.96571,"Small","Yes",3,,""
425,"Harambe (Onyinge)","Sunday Tuesday","Not verified","Kisumu","Nyakach","Central Nyakach","Central Nyakach","Nyalunya",,,"Small","Yes",3,,""
426,"Nyamarimba","Monday Friday","Both","Kisumu","Nyakach","S.W Nyakach","S.W Nyakach","West Kadiang'a",-.372392,34.90554,"Small","Yes",3,,""
427,"Okano Wach","Wednesday Saturday","Wednesday","Kisumu","Nyakach","S.W Nyakach","S.W Nyakach","West Kadiang'a",-.330431,34.86963,"","Yes",,,""
428,"Kolweny","Saturday","Saturday","Kisumu","Nyakach","West Nyakach","West Nyakach","Rachier Kajimbo",-.327905,34.85312,"","Yes",,,""
429,"Koduogo","None","None","Kisumu","Nyakach","West Nyakach","West Nyakach","Thurdibuoro",-.73054,34.40007,"","Yes",,,""
430,"Kibogo","None","None","Kisumu","Nyakach","North Nyakach","North Nyakach","Awach",-.290077,35.01192,"","Yes",,,""
431,"Rota","None","None","Kisumu","Nyakach","North Nyakach","North Nyakach","Lower Kadiang'a",,,"","Yes",,,""
432,"Ahero","Tuesday Saturday","Tuesday","Kisumu","Nyando","Ahero","Kakola","Kakola Ahero",-.173372,34.91969,"Large","Yes",25,,""
433,"Awasi","Monday Thursday","Thursday","Kisumu","Nyando","Awasi/Onjiko","Awasi","Border 1",-.160985,35.07362,"Large","Yes",,,""
434,"Rabuor","Wednesday","Wednesday","Kisumu","Nyando","Kobura","Kochieng West","Kochieng",-.153765,34.8282,"medium","Yes",,,""
435,"Otho","Every Day","None","Kisumu","Nyando","Awasi/Onjiko","Onjiko","Kobongo",,,"Tiny","No",,,""
436,"Riat/Mariwa","Every Day","None","Kisumu","Nyando","Ahero","Kochogo","Kochogo South",-.075899,34.72951,"","Yes",,,""
437,"Odega","None","None","Kisumu","Nyando","Kabonyo/Kanyagwal","Kadhiambo","Ogwe",,,"Tiny","No",0,,""
438,"Nyangande","None","None","Kisumu","Nyando","Kabonyo Kanyagwal","KawiNo South","Kwakungu",-.206868,34.84799,"Small","Yes",2,,""
439,"Wang' NeNo","None","None","Kisumu","Nyando","East KaNo/Wawidhi","East KaNo","Katolo",,,"Tiny","No",,,""
440,"Ayweyo","None","None","Kisumu","Nyando","East KaNo/Wawidhi","Wawidhi","Ayweyo",.11118,34.56499,"Small","Yes",2,,""
441,"Korowe","None","None","Kisumu","Nyando","Kobura","Kobura","Lela",-.1717684,34.88127,"Tiny","No",0,,""
442,"Kopon","None","None","Kisumu","Nyando","East KaNo/Wawidhi","Wawidhi","Nyakongo",,,"Tiny","No",0,,""
443,"Riat Ayweyo","None","None","Kisumu","Nyando","Awasi/Onjiko","Onjiko","Kakmie",,,"Tiny","No",0,,""
444,"Alendu","None","None","Kisumu","Nyando","Kobura","Kochieng West","Nyamware North",-.1525047,34.81469,"Tiny","No",0,,""
445,"Ogenya","None","None","Kisumu","Nyando","Kabonyo/Kanyagwal","Kanyagwal","Ogenya",-.259441,34.87065,"Tiny","No",0,,""
446,"Nduru","None","None","Kisumu","Nyando","Kabonyo/Kanyagwal","KawiNo South","Kadhiambo",,,"Tiny","No",0,,""
447,"Nyamware","None","None","Kisumu","Nyando","Kobura","Kochieng West","Nyamware South",-.16957,34.79156,"Tiny","No",0,,""
448,"Muhoroni","Sunday Thursday","Thursday","Kisumu","Muhoroni","Muhoroni Koru","Muhoroni","Muhoroni East",-.155811,35.19776,"small","Yes",1,,""
449,"Koru","Saturday Wednesday","Wednesday","Kisumu","Muhoroni","Muhoroni Koru","Muhoroni","Muhoroni East",.105082,35.15567,"tiny","No",0,,""
450,"Fort Tenan (Fatana)","Wednesday Monday","Monday","Kisumu","Muhoroni","Muhoroni Koru","Fort Tenan","Fort Tenan",-.213421,35.30703,"small","Yes",1,,""
451,"Kandege","None","None","Kisumu","Muhoroni","Muhoroni Koru","Fort Tenan","Fort Tenan",,,"tiny","No",0,,""
452,"Ushirika","None","None","Kisumu","Muhoroni","Muhoroni Koru","Fort Tenan","Fort Tenan",,,"tiny","No",0,,""
453,"Gilimori","None","None","Kisumu","Muhoroni","Muhoroni Koru","Rift Valley","",,,"tiny","No",0,,""
454,"Ombeyi/Ramula","Wednesday Saturday","Wednesday","Kisumu","Muhoroni","Ombeyi","Ombeyi","Ramula",-.112944,34.95034,"medium","Yes",4,,""
455,"Kiliti","None","None","Kisumu","Muhoroni","Ombeyi","Ombeyi","Ramula",,,"small","Yes",2,,""
456,"Osembe","None","None","Kisumu","Muhoroni","Ombeyi","Ombeyi","Irrigation",,,"small","Yes",1,,""
457,"Kigoche","None","None","Kisumu","Muhoroni","Ombeyi","Ombeyi","Kore",,,"small","Yes",1,,""
458,"Kasese","None","None","Kisumu","Muhoroni","Ombeyi","Ombeyi","Obumba",,,"small","Yes",2,,""
459,"Yawo","None","None","Kisumu","Muhoroni","Ombeyi","Ombeyi","Obumba",,,"small","Yes",1,,""
460,"Rutek","None","None","Kisumu","Muhoroni","Ombeyi","Ombeyi","Kang'o",,,"small","Yes",2,,""
461,"Keyo","None","None","Kisumu","Muhoroni","Ombeyi","Ombeyi","Kang'o",,,"small","Yes",3,,""
462,"Ngere Kagoro","None","None","Kisumu","Muhoroni","Nyang'oma Masogo","Nyang'oma","Wang'aya II",,,"tiny","No",0,,""
463,"Onyalo Biro","None","None","Kisumu","Muhoroni","Nyang'oma Masogo","Nyang'oma","Wang'aya I",.075564,35.05329,"small","Yes",1,,""
464,"Ogwedhi (Nyang'oma)","None","None","Kisumu","Muhoroni","Nyang'oma Masogo","Nyang'oma","Kamswa South",.103567,35.03193,"small","Yes",1,,""
465,"Old Chemelil","None","None","Kisumu","Muhoroni","Nyang'oma Masogo","Kabar North","Sidho East",.044341,35.08179,"small","Yes",3,,""
466,"Nyakunguru","None","None","Kisumu","Muhoroni","Nyang'oma Masogo","Kabar North","Wang'aya I",.051358,35.04329,"small","Yes",3,,""
467,"Masogo","Wednesday","Wednesday","Kisumu","Muhoroni","Nyang'oma Masogo","Kabar North","Kamswa South",-.096789,35.00832,"medium","Yes",5,,""
468,"Koleng'","Saturday","Saturday","Kisumu","Muhoroni","Miwani","Miwani","Miwani Central",,,"small","Yes",1,,""
469,"Karunga","None","None","Kisumu","Muhoroni","Miwani","Miwani","Miwani Central",-.054009,34.9795,"small","Yes",2,,""
470,"Miwani","Saturday","Saturday","Kisumu","Muhoroni","Miwani","Miwani","Miwani North",-.054082,34.97981,"medium","Yes",4,,""
471,"Kasongo","None","None","Kisumu","Muhoroni","Miwani","North East Kano","Kabar West",,,"tiny","No",0,,""
472,"Kayeli","None","None","Kisumu","Muhoroni","Miwani","North East Kano","Kabar West",,,"tiny","No",0,,""
473,"Kibigori","Monday","Monday","Kisumu","Muhoroni","Miwani","Chemelil","Chemelil",-.075215,35.0461,"medium","Yes",4,,""
474,"Chemelil Round- about","Tuesday/ Friday","Friday","Kisumu","Muhoroni","Chemelil","Chemelil","Chemelil",-.089288,35.1265,"large","Yes",10,,""
475,"Osengeteti","None","None","Kisumu","Muhoroni","Chemelil","Tamu","God Abuoro",.060237,35.08291,"small","Yes",1,,""
476,"Tamu","None","None","Kisumu","Muhoroni","Chemelil","Tamu","God Abuoro",.060918,35.12047,"small","Yes",1,,""
477,"Kopere","Wednesday","Wednesday","Kisumu","Muhoroni","Chemelil","Chemelil","West Songhor",-.037167,35.17978,"large","Yes",9,,""
478,"Songhor","None","None","Kisumu","Muhoroni","Chemelil","Chemelil","West Songhor",,,"tiny","No",0,,""
479,"Ofis Ng'eny","None","None","Kisumu","Muhoroni","Nyang'oma Masogo","","",,,"tiny","No",0,,""
480,"Achego","None","None","Kisumu","Muhoroni","Chemelil","Tamu","Achego",,,"tiny","No",0,,""
481,"Kowawa","None","None","Kisumu","Muhoroni","Chemelil","Tamu","Achego",,,"tiny","No",0,,""
482,"Makindu","None","None","Kisumu","Muhoroni","Chemelil","Tamu","God Abuoro",,,"tiny","No",0,,""
483,"Maseno","None","None","Kisumu","Kisumu West","N/West","N/West","",-.008133,34.59559,"Small","Yes",1,,""
484,"Daraja Mbili","Tuesday Friday ","Tuesday","Kisumu","Kisumu West","West","West","",-.045981,34.6505,"Small","Yes",1,,""
485,"Lela","None","None","Kisumu","Kisumu West","N/West","N/West","",-.028927,34.60573,"Tiny","No",0,,""
486,"Chulaimbo","None","None","Kisumu","Kisumu West","N/West","N/West","",-.039556,34.6334,"Tiny","No",0,,""
487,"Holo","Tuesday","Tuesday","Kisumu","Kisumu West","Kisumu West","Kisumu West","",-.099345,34.59755,"Medium","Yes",5,,""
488,"Mugruk","None","None","Kisumu","Kisumu West","Kisumu West","Kisumu West","",,,"Tiny","No",0,,""
489,"Huma","None","None","Kisumu","Kisumu West","Kisumu West","Kisumu West","",-.050753,34.60991,"Tiny","No",0,,""
490,"Nyaguda","None","None","Kisumu","Kisumu West","E. Seme","Kit Mikayi","",-.119441,34.55904,"Small","Yes",1,,""
491,"Kaloka","None","None","Kisumu","Kisumu West","E. Seme","Kajulu Koker","",-.144198,34.57211,"Tiny","No",0,,""
492,"Nyarindi","None","None","Kisumu","Kisumu West","E. Seme","Kajulu Koker","",,,"Tiny","No",0,,""
493,"Jubilee Fish Market","None","None","Kisumu","Kisumu Central","Kaloleni","","",-.101671,34.75931,"tiny","no",0,,""
494,"Kibuye","Sunday","Sunday","Kisumu","Kisumu Central","Kaloleni","","",-.093274,34.76824,"large","yes",10,,""
495,"Kondele","Monday","Monday","Kisumu","Kisumu Central","Manyatta B","","",-.084337,34.77449,"large","yes",10,,""
496,"Kisian","Thursday","thursday","Kisumu","Kisumu Central","Central","","",-.073205,34.66326,"tiny","no",0,,""
497,"Milimani","None","None","Kisumu","Kisumu Central","Milimani","","",-.113726,34.75553,"tiny","no",0,,""
498,"Pand Pieri","None","None","Kisumu","Kisumu Central","Nyalenda B","","",-.119729,34.7569,"tiny","no",0,,""
499,"Nyawita","None","None","Kisumu","Kisumu Central","Railways","","",-.072224,34.77192,"small","yes",1,,""
500,"Kibos","Saturday","Saturday","Kisumu","Kisumu Central","Kolwa Central","","",-.071184,34.81069,"medium","yes",4,,""
501,"Stadium","None","None","Kisumu","Kisumu Central","Stadium","","",-.112925,34.76615,"tiny","no",0,,""
502,"Migosi","None","None","Kisumu","Kisumu Central","Manyatta B","","",-.079175,34.77773,"small","yes",1,,""
503,"Birunda","Saturday","Saturday","Trans nzoia","Saboti","Kinyoro","","",.962274,34.93279,"small","yes",3,,""
504,"Saboti","Monday","Monday","Trans nzoia","Saboti","Saboti","","",.935723,34.83725,"small","yes",3,,""
505,"Lukhome","Wednesday","Wednesday","Trans nzoia","Saboti","Macheo","","",.907007,34.85571,"small","yes",3,,""
506,"Muroki","Thursday","Thursday","Trans nzoia","Saboti","Saboti","","",.940542,34.81164,"small","yes",2,,""
507,"Kapretwa","Saturday","Saturday","Trans nzoia","Saboti","Saboti","","",.960746,34.81666,"small","yes",1,,""
508,"Kisawai","Thursday","Thursday","Trans nzoia","Saboti","Kinyoro","","",.989505,34.84255,"medium","yes",6,,""
509,"Gituamba","Saturday","Saturday","Trans nzoia","Saboti","Saboti","","",.933697,34.76902,"small","yes",3,,""
510,"Marambach","Friday","Friday","Trans nzoia","Saboti","Kinyoro","","",,,"medium","yes",4,,""
511,"Kinyoro","Tuesday","Tuesday","Trans nzoia","Saboti","Kinyoro","","",.993293,34.87039,"small","yes",2,,""
512,"Matisi","None","None","Trans nzoia","Saboti","Tuwan","","",1.022197,34.58546,"large","yes",10,,""
513,"Koikoi","Friday","Friday","Trans nzoia","Saboti","Macheo","","",,,"small","yes",3,,""
514,"Kitalale","Friday","Friday","Trans nzoia","Saboti","Kinyoro","","",1.002997,34.91856,"medium","yes",7,,""
515,"Kolongolo","Sunday","Sunday","Trans nzoia","Kwanza","Keiyo","Kapomboi","Kolongolo",1.22056,34.96608,"small","yes",3,,""
516,"Kapkoi","Friday","Friday","Trans nzoia","Kwanza","Keiyo","Kapomboi","Kapkoi",1.21499,34.90244,"medium","yes",2,,""
517,"Mutua","Wednesday","Wednesday","Trans nzoia","Kwanza","Keiyo","Kwanza","Keiyo",1.180925,35.03537,"small","yes",3,,""
518,"Keiyo","None","None","Trans nzoia","Kwanza","Keiyo","Kwanza","Keiyo",.385994,34.51,"small","yes",1,,""
519,"Kwanza","Tuesday","Tuesday","Trans nzoia","Kwanza","kwanza","Kwanza","kwanza",1.161922,35.00026,"large","yes",3,,""
520,"Maili saba","Monday","Monday","Trans nzoia","Kwanza","kwanza","Kaisagat","Kaisagat",1.135461,35.05659,"small","yes",4,,""
521,"Amuka","None","None","Trans nzoia","Kwanza","kwanza","Kaisagat","Amuka",1.05256,35.01257,"large","yes",3,,""
522,"Maili nane/Maridadi","None","None","Trans nzoia","Kwanza","kwanza","Kwanza","kwanza",1.014231,35.07114,"large","yes",1,,""
523,"Korros","None","None","Trans nzoia","Kwanza","kwanza","Kwanza","kwanza",1.130729,34.59262,"small","yes",0,,""
524,"Kesogon","Thursday","Thursday","Trans nzoia","Kwanza","kwanza","Kaisagat","Kaisagat",1.16571,35.11184,"large","yes",4,,""
525,"Emoru","Wednesday","Wednesday","Trans nzoia","Kwanza","kwanza","Kaisagat","Amuka",,,"small","yes",2,,""
526,"Meteitei","None","None","Trans nzoia","Kwanza","kwanza","Kwanza","kwanza",1.11153,35.00016,"small","yes",1,,""
527,"Umoja","None","None","Trans nzoia","Kwanza","kwanza","Kwanza","kwanza",1.102492,34.57245,"small","yes",3,,""
528,"Kapsitwet","None","None","Trans nzoia","Kwanza","Kapomboi","Kapsitwet","Kapsitwet",1.055162,34.57579,"small","yes",4,,""
529,"Matisi","Friday","Friday","Trans nzoia","Kwanza","Kapomboi","Namanjalala","Namanjalala",1.039232,34.98115,"large","yes",20,,""
530,"Namanjalala","None","None","Trans nzoia","Kwanza","Kapomboi","Namanjalala","Namanjalala",1.041321,34.59509,"large","yes",0,,""
531,"Masinga","None","None","Trans nzoia","Kwanza","Kapomboi","Kapsitwet","Liavo",,,"small","yes",0,,""
532,"Kobos B","None","None","Trans nzoia","Kwanza","Kapomboi","Kapsitwet","Kapsitwet",,,"small","yes",1,,""
533,"Maili mbili","Tuesday","Tuesday","Trans nzoia","Kwanza","Kapomboi","Kapomboi","Kapomboi",1.110629,34.90731,"Small","yes",3,,""
534,"Kapomboi","Thursday","Thursday","Trans nzoia","Kwanza","Kapomboi","Kapomboi","Kapomboi",1.14047,34.90092,"large","yes",10,,""
535,"Cypress","Friday","Friday","Trans nzoia","Kwanza","Kapomboi","Kapomboi","Kapomboi",,,"small","yes",1,,""
536,"Marinda","Wednesday","Wednesday","Trans nzoia","Kwanza","Kapomboi","Kapomboi","Kapomboi",1.153331,34.92303,"large","yes",10,,""
537,"Kitale","Friday","Friday","Trans nzoia","Kwanza","Bidii","Bidii","Bidii",1.021381,34.99978,"large","yes",50,,""
538,"Kobos","None","None","Trans nzoia","Kwanza","Kapomboi","Kapomboi","Kobos",1.083982,34.57529,"large","yes",3,,""
539,"Tuigoin","Thursday","Thursday","Trans nzoia","Cherenganyi","Chepsiro/Kiptoror","Chepsiro","",.94473,35.27562,"medium","yes",4,,""
540,"Kachibora","Tuesday","Tuesday","Trans nzoia","Cherenganyi","Cherenganyi","Cherenganyi","Nzoia",.982433,35.22112,"medium","yes",5,,""
541,"Kipkeikei","Wednesday","Wednesday","Trans nzoia","Cherenganyi","Cherenganyi","Cherenganyi","",1.012985,35.21029,"medium","yes",4,,""
542,"Mwaita","Thursday","Thursday","Trans nzoia","Cherenganyi","Cherenganyi","Suwerwa","",1.033348,35.1937,"small","yes",2,,""
543,"Suwerwa","Monday","Monday","Trans nzoia","Cherenganyi","Cherenganyi","Suwerwa","",1.051411,35.22321,"medium","yes",4,,""
544,"Kapkarwa","None","None","Trans nzoia","Cherenganyi","Cherenganyi","Suwerwa","",1.020963,35.15454,"small","yes",3,,""
545,"Motosiet","Wednesday","Wednesday","Trans nzoia","Cherenganyi","Motosiet","Motosiet","Motosiet",.995208,35.15797,"small","yes",1,,""
546,"Sibanga (Maili nane)","Friday","Friday","Trans nzoia","Cherenganyi","","Kaplamai","Kimoson",1.02825,35.1208,"large","yes",7,,""
547,"Kaplamai","Thursday","Thursday","Trans nzoia","Cherenganyi","","Kaplamai","",.987234,35.12447,"small","yes",3,,""
548,"Sinoko","Saturday","Saturday","Trans nzoia","Cherenganyi","","Motosiet","",.966305,35.15425,"small","yes",2,,""
549,"Kapsara","Tuesday","Tuesday","Trans nzoia","Cherenganyi","","Makutano","",1.08904,35.15463,"medium","yes",5,,""
550,"Makutano","Sunday","Sunday","Trans nzoia","Cherenganyi","Makutano","Makutano","",1.068277,35.19315,"medium","yes",4,,""
551,"Bonde","None","None","Trans nzoia","Cherenganyi","Makutano","Makutano","",1.045667,35.13166,"small","yes",3,,""
554,"Kimondo","Thursday","Thursday","Trans nzoia","Endebes","matumbei","mubere","",1.114772,34.78395,"large","yes",10,,""
555,"Namuchula","Monday","Monday","Trans nzoia","Endebes","matumbei","mubere","",,,"medium","yes",6,,""
556,"Kolongei","Tuesday","Tuesday","Trans nzoia","Endebes","matumbei","kaibei","",,,"medium","yes",4,,""
557,"Tobok","Tuesday","Tuesday","Trans nzoia","Endebes","mubere","mubere","",,,"medium","yes",5,,""
558,"Salama","Monday","Monday","Trans nzoia","Endebes","matumbei","kaibei","",1.094935,34.77168,"medium","yes",8,,""
559,"Chepchoina","Sunday","Sunday","Trans nzoia","Endebes","chepchoina","chepchoina","",1.20291,34.81131,"medium","yes",5,,""
560,"Molem","Wednesday","Wednesday","Trans nzoia","Endebes","chepchoina","Twiga","",1.132582,34.83512,"medium","yes",4,,""
561,"Twiga","None","None","Trans nzoia","Endebes","chepchoina","Twiga","",,,"tiny","no",0,,""
562,"Cherubai","None","None","Trans nzoia","Endebes","chepchoina","Twiga","",,,"tiny","no",0,,""
563,"Kayos","None","None","Trans nzoia","Endebes","chepchoina","Kiptogot","",,,"tiny","no",0,,""
564,"Naminit","None","None","Trans nzoia","Endebes","chepchoina","Kiptogot","",,,"tiny","no",0,,""
565,"Sikhendu","Friday","Friday","Trans nzoia","Kiminini","Sikhendu","Sikhendu","Sikhendu",.8346695,34.86528,"large","yes",10,,""
566,"Wewonia","Monday","Monday","Trans nzoia","Kiminini","Sikhendu","Wewonia","Sikhendu",,,"tiny","no",0,,""
567,"Mucharage","None","None","Trans nzoia","Kiminini","Sikhendu","Sikhendu","Sikhendu",.808494,34.84869,"tiny","no",0,,""
568,"Mukuyuni","None","None","Trans nzoia","Kiminini","Sikhendu","Wewonia","Sikhendu",,,"tiny","no",0,,""
569,"Imani","None","None","Trans nzoia","Kiminini","Sikhendu","Wewonia","Sikhendu",,,"tiny","no",0,,""
570,"Kikwamet","None","None","Trans nzoia","Kiminini","Sikhendu","Wewonia","Sikhendu",,,"tiny","no",0,,""
571,"Barbton","None","None","Trans nzoia","Kiminini","Sikhendu","Wewonia","Sikhendu",,,"tiny","no",0,,""
572,"Kapkoi","None","None","Trans nzoia","Kiminini","Waitaluk","Waitaluk","Kapkoi",,,"tiny","no",0,,""
573,"Kimatwet","None","None","Trans nzoia","Kiminini","Waitaluk","Waitaluk","Kapkoi",,,"","",,,""
574,"Maili saba","Sunday","Sunday","Trans nzoia","Kiminini","Waitaluk","Waitaluk","Kapkoi",.951635,35.06405,"small","yes",2,,""
575,"Tulwet","None","None","Trans nzoia","Kiminini","Waitaluk","Mabonde","Mabonde",,,"tiny","no",0,,""
576,"Waitaluk","None","None","Trans nzoia","Kiminini","Waitaluk","Waitaluk","Waitaluk",,,"tiny","no",0,,""
577,"Kibagenge","None","None","Trans nzoia","Kiminini","Waitaluk","Kapkoi","Kapkoi",,,"tiny","no",0,,""
578,"Waigama","None","None","Trans nzoia","Kiminini","Waitaluk","Mabonde","Mabonde",,,"tiny","no",0,,""
579,"Namgoi","None","None","Trans nzoia","Kiminini","Waitaluk","Mabonde","Mabonde",,,"tiny","no",0,,""
580,"Wamuini","None","None","Trans nzoia","Kiminini","Waitaluk","Mabonde","Mabonde",,,"tiny","no",0,,""
581,"Luanda","Thursday Monday","Monday","Vihiga","Luanda","Luanda Township","Luanda","Ebushikhale",.023296,34.58658,"large","yes",16,,""
582,"Mwibona","Thursday Monday","Thursday","Vihiga","Luanda","Mwibona","Mwibona","",.034101,34.57426,"small","yes",2,,""
583,"Emabungo","None","None","Vihiga","Luanda","Emabungo","Emabungo","",.001633,34.36026,"small","yes",2,,""
584,"Kima","None","None","Vihiga","Luanda","Emabungo","Emabungo","wekhomo",.013755,34.37298,"small","yes",2,,""
585,"Magata","None","None","Vihiga","Luanda","Wemilabi","","",,,"small","yes",2,,""
586,"Rabuor","Thursday Monday","Thursday Monday","Vihiga","Luanda","","","",,,"tiny","no",0,,""
587,"Mwironje","None","None","Vihiga","Luanda","Wemilabi","Ebubayi","",,,"","",,,""
588,"Ochuore","Friday","Friday","Vihiga","Luanda","","","",,,"tiny","no",0,,""
589,"Muyekhe","None","None","Vihiga","Luanda","","","",,,"tiny","no",0,,""
590,"Ekwanda","Monday/ Thursday/ Sunday","All listed","Vihiga","Luanda","Luanda South","Maseno","",-.021936,34.57095,"medium","yes",6,,""
591,"Depo","None","None","Vihiga","Luanda","","","",.005343,34.34579,"tiny","no",0,,""
592,"Sikulu","None","None","Vihiga","Luanda","","","",,,"tiny","no",0,,""
593,"Epuche","None","None","Vihiga","Luanda","Mibuna","Ebuchimi","Ebuchimi",,,"tiny","no",0,,""
594,"Mbale","Saturday/Monday","Saturday","Vihiga","Vihiga","wamuluma","al","mbii",.082584,34.72142,"medium","yes",4,,""
595,"Majengo","None","None","Vihiga","Vihiga","central maragoli","central maragoli","ikumba",.025682,34.43243,"medium","yes",4,,""
596,"Masana","None","None","Vihiga","Vihiga","South Maragoli","south maragoli","masana",.001894,34.42413,"medium","yes",3,,""
597,"Cheptulu","Tuesday/Friday","Friday","Vihiga","Hamisi","Chiru","shavirinda","Cheptulu",.128031,34.86126,"small","yes",3,,""
598,"Shamakhokho","None","None","Vihiga","Hamisi","Hamisi","Chamakhokho","Kibogoli",.063884,34.49551,"small","yes",2,,""
599,"Serem","Saturday/Wednesday","Saturday","Vihiga","Hamisi","Hamisi","Chamakhokho","serem",.07893,34.8533,"medium","yes",8,,""
600,"Banja","Thursday/Sunday","Thursday","Vihiga","Hamisi","banja","banja","gasianja",.037683,34.82818,"tiny","yes",2,,""
601,"Jebrok","Monday","Monday","Vihiga","Hamisi","chambwa","","chekoyai",.010162,34.45377,"tiny","no",0,,""
602,"gambogi","None","None","Vihiga","Hamisi","Chepkoyai","Chepkoyai","",,,"tiny","no",0,,""
603,"Mudete","Monday/ Thursday","Thursday","Vihiga","Sabatia","North Maragoli","North Maragoli","Mudete",.117012,34.77053,"medium","yes",4,,""
604,"Chavakali","Wednesday","Wednesday","Vihiga","Sabatia","Sabatia","Chavakali","Chavakali/ Soth Maragoli",.117874,34.7329,"Small","yes",3,,""
605,"Sabatia","None","None","Vihiga","Sabatia","","","",.071496,34.4719,"","",,,""
606,"Mago","Sunday","Sunday","Vihiga","Sabatia","Shamakhokho/ Hodanga","","Lusengeli",.065276,34.49076,"Tiny","no",0,,""
608,"Emwatsi","Wednesday /Saturday","Saturday","Vihiga","Emuhaya","West Bunyore","Ipali","Embali",.084961,34.56856,"small","yes",3,,""
609,"Mwichio","None","None","Vihiga","Emuhaya","Central Bunyore","Tongoi","Emusire",.042187,34.36357,"small","yes",2,,""
610,"Emanyinya","Wednesday /Saturday","Saturday","Vihiga","Emuhaya","Central Bunyore","Emanyinya","Emanyinya",.114671,34.6143,"small","yes",2,,""
611,"Ebuyangu","None","None","Vihiga","Emuhaya","","Ipali","Ebusiekwe",.043217,34.34343,"","",,,""
612,"Kilingili","Friday","Friday","Vihiga","Emuhaya","","","",.123314,34.68116,"medium","yes",8,,""
613,"Shirachi/ Esibuye","Saturday/ Wednesday","Wednesday","Vihiga","Emuhaya","","","",.081826,34.63886,"small","yes",3,,""
614,"Ilungu","None","None","Vihiga","Emuhaya","","","",.070775,34.38554,"","",,,""
615,"Emwasi","Wednesday /Saturday","Not verified","Vihiga","Emuhaya","","","",,,"small","yes",3,,""
616,"Munjiti","Friday","Friday","Vihiga","Emuhaya","","","",,,"","",,,""
617,"Ipali","None","None","Vihiga","Emuhaya","","","",.024087,34.34423,"","",,,""
618,"Sofia","None","None","Vihiga","Emuhaya","","","",,,"","",,,""
619,"Emanyinya","None","None","Vihiga","Emuhaya","Central Bunyore","","",,,"","",,,""
620,"Eshirulo","None","None","Vihiga","Emuhaya","Central Bunyore","","",,,"","",,,""
621,"Esaba","None","None","Vihiga","Emuhaya","Central Bunyore","","",.000134,34.34591,"","",,,""
622,"Mwilonje","None","None","Vihiga","Emuhaya","","","",.041811,34.38337,"","",,,""
623,"Emakakha","None","None","Vihiga","Emuhaya","","","",.060217,34.39071,"","",,,""
624,"Emakata","None","None","Vihiga","Emuhaya","","","",,,"","",,,""
625,"Ebusiratsi","None","None","Vihiga","Emuhaya","","","",.05168,34.38163,"","",,,""
626,"Esikhuyo","None","None","Vihiga","Emuhaya","","","",.065093,34.35373,"","",,,""
627,"Mwitsuksi","None","None","Vihiga","Emuhaya","","","",,,"","",,,""
628,"Mungoye","None","None","Vihiga","Emuhaya","","","",.032242,34.33376,"","",,,""
629,"Mlimani","None","None","Vihiga","Emuhaya","","","",,,"","",,,""
630,"Duka moja","None","None","Vihiga","Emuhaya","","","",,,"","",,,""
631,"Ebukoolo","None","None","Vihiga","Emuhaya","","","",.041536,34.22558,"","",,,""
632,"Maila","Tuesday","Tuesday","Bungoma","Webuye West","Sitikho","Sitikho","",.5206077,34.71012,"small","yes",3,,""
633,"Endebess","Saturday","Saturday","Trans nzoia","Endebes","Endebess","","",1.078081,34.85637,"medium","yes",4,,""
634,"Kaptama","Wednesday","Wednesday","Bungoma","Mt. Elgon","","","",.8854287,34.76624,"small","yes",3,,""
635,"Kapsokwony","Monday","Monday","Bungoma","Mt. Elgon","","","",.840722,34.71497,"small","yes",2,,""
636,"Kapkateny","Saturday/ Tuesday/ Thursday","Not verified","Bungoma","Mt. Elgon","","","",.801281,34.62549,"small","yes",3,,""
637,"Kopsiro","Wednesday","Wednesday","Bungoma","Mt. Elgon","","","",.82904,34.59146,"small","yes",3,,""
638,"Cheptais","Friday","Friday","Bungoma","Mt. Elgon","","","",.806631,34.4636,"large","yes",10,,""
639,"Kimilili","Thursday","Thursday","Bungoma","Kimilili","","","",.774457,34.71729,"medium","yes",5,,""
640,"Kamkuywa","Tuesday","Tuesday","Bungoma","Kimilili","","","",.7787478,34.78963,"medium","yes",4,,""
641,"Chesamisi","Saturday","Saturday","Bungoma","Kimilili","","","",.841554,34.79042,"small","yes",1,,""
642,"Changamwe","Friday","Friday","Kakamega","Navakholo","Navakholo East","Bunyala East","",.48912,34.70425,"small","yes",3,,""
,"Burundu","None","None","Kakamega","","","","",.4404703,34.75438,"tiny","no",0,,""
,"Chebosi","None","None","Bungoma","","","","",.647236,34.69184,"tiny","no",0,,""
,"Imbiakalo","None","None","Kakamega","","","","",.4089452,34.75301,"tiny","no",0,,""
,"Jerusalem","None","None","Kakamega","","","","",.4954144,34.74717,"small","yes",1,,""
,"Kalenda","None","None","Kakamega","","","","",.4492514,34.76891,"tiny","no",0,,""
,"Kalenda Junction","None","None","Kakamega","","","","",.4611207,34.7803,"tiny","no",0,,""
,"Khalala","None","None","Bungoma","","","","",.4619033,34.64902,"tiny","no",0,,""
,"Kiminini","Sunday","Sunday","Trans nzoia","","","","",.8936245,34.92422,"large","yes",10,,""
,"Kituni","None","None","Bungoma","","","","",.6665241,34.72943,"tiny","no",0,,""
,"Lumani","None","None","Kakamega","","","","",.4893747,34.72271,"tiny","no",0,,""
,"Makhese","None","None","Bungoma","","","","",.6769798,34.74856,"small","yes",1,,""
,"Makuma","None","None","Bungoma","","","","",.5752285,34.75668,"tiny","no",0,,""
,"Malaha","None","None","Bungoma","","","","",.6332764,34.74215,"tiny","no",0,,""
,"Malekha","None","None","Kakamega","","","","",.4623875,34.79723,"tiny","no",0,,""
,"Matunda Center","None","None","Trans nzoia","","","","",.8777128,34.89846,"tiny","no",0,,""
,"Mbande","None","None","Kakamega","","","","",.5433816,34.80605,"tiny","no",0,,""
,"Miendo","None","None","Bungoma","","","","",.6595033,34.68974,"tiny","no",0,,""
,"Mikuva","None","None","Bungoma","","","","",.6503591,34.78297,"tiny","no",0,,""
,"Mutsuma","None","None","Kakamega","","","","",.4399555,34.73813,"tiny","no",0,,""
,"Mutuwa","None","None","Bungoma","","","","",.5737545,34.76648,"tiny","no",0,,""
,"Nabwala","Saturday/Tuesday","Saturday","Bungoma","","","","",.5478418,34.73355,"small","yes",1,,""
,"Ngwelo (Makhele)","Monday/Friday","Monday","Bungoma","","","","",.5881647,34.72121,"tiny","no",0,,""
,"Nzoia","None","None","Bungoma","","","","",.563463,34.75904,"tiny","no",0,,""
,"Sabatia","Wednesday/Saturday","Wednesday","Kakamega","","","","",.2303681,34.52493,"medium","yes",5,,""
,"Sawa","None","None","Bungoma","","","","",.6997339,34.64688,"tiny","no",0,,""
,"Shikumulo","None","None","Kakamega","","","","",.4182901,34.75393,"tiny","no",0,,""
,"Sirisia","None","None","Bungoma","","","","",.6786714,34.72216,"tiny","no",0,,""
,"Vuyika","None","None","Kakamega","","","","",.5393969,34.78865,"tiny","no",0,,""
,"Yalusi","None","None","Bungoma","","","","",.5389212,34.70201,"tiny","no",0,,""
